Stockx	Stadiumgoods
https://stockx.com/nike-dunk-low-varsity-green	
https://stockx.com/nike-dunk-low-retro-prm-animal-pack-giraffe	https://www.stadiumgoods.com/en-us/shopping/dunk-low-prm-animal-pack-cheetah-16898539
https://stockx.com/nike-dunk-low-barely-green-w	https://www.stadiumgoods.com/en-us/shopping/dunk-low-wmns-barely-green-16910445
https://stockx.com/nike-dunk-high-ambush-deep-royal	https://www.stadiumgoods.com/en-us/shopping/dunk-high-sp-ambush-deep-royal-16887238
https://stockx.com/nike-dunk-low-olive-brown-orange	https://www.stadiumgoods.com/en-us/shopping/dunk-low-dusty-olive-17016622
https://stockx.com/nike-dunk-high-syracuse-2021	https://www.stadiumgoods.com/en-us/shopping/dunk-high-syracuse-16653409
https://stockx.com/nike-sb-dunk-high-pro-iso-kentucky	https://www.stadiumgoods.com/en-us/shopping/sb-dunk-high-pro-iso-kentucky-17809389
https://stockx.com/nike-dunk-low-retro-black-hyper-cobalt-2021	https://www.stadiumgoods.com/en-us/shopping/dunk-low-retro-hyper-cobalt-16475597
https://stockx.com/search?s=Dunk%20Low%20SB%20%27What%20The%20Paul%27	
https://stockx.com/nike-dunk-low-retro-white-black-2021	https://www.stadiumgoods.com/en-us/shopping/dunk-low-retro-black-white-16403569
https://stockx.com/nike-dunk-low-unc-2021	https://www.stadiumgoods.com/en-us/shopping/dunk-low-university-blue-16815300
https://stockx.com/adidas-yeezy-boost-500-bone-white	https://www.stadiumgoods.com/en-us/shopping/yeezy-500-bone-white-14407898
https://stockx.com/adidas-yeezy-500-soft-vision	https://www.stadiumgoods.com/en-us/shopping/yeezy-500-soft-vision-14704197
